{
  "checkpoint": 19,
  "iteration": 19,
  "best_program_id": "12a2012b-2771-4960-aa9a-45cb4eecdabf",
  "best_metrics": {
    "validity": 1.0,
    "sum_radii": 2.627203611103396,
    "target_ratio": 0.997041218635065,
    "combined_score": 0.997041218635065
  },
  "feature_map": {},
  "islands": [],
  "archive": [
    "923f1503-d39d-4c68-acf1-59eab42f0eae",
    "a6a9c10a-919e-4938-846b-04464ad779c1",
    "5503e870-3f2a-42fc-a53d-1761e02de1e7",
    "7b54c75b-73e6-47cb-b8d9-ddbc432e4fe8",
    "e31ae32b-acf2-48ec-8c03-8c2f500c8013",
    "316e4b3b-6730-48b5-b26d-9aa927ed7233",
    "a261ba9d-c967-481e-b789-263ad0695af7",
    "b062485b-2229-48f4-95c3-66c9061f8428",
    "0e99d8b1-5e42-4ddb-b41b-cc59296cebc8",
    "a36a0708-4702-4fe6-bb3e-632c573b565d",
    "7f4eb3cc-1edd-44ef-8007-a4eee423cf43",
    "8648a57d-3eac-4683-9a59-d3785d913360",
    "9957414c-b0e9-4bdf-978e-5c11f88a383d",
    "7a90ae81-0388-4945-aeb7-1877532eef7e",
    "3b65fea5-d211-433c-8b14-b9233e4b2e36",
    "7e456108-b3ac-4b10-9572-8f415b801912",
    "cbf4f2d0-1fb8-41ff-9a0f-4d19609f62f1",
    "47ecec66-9ba5-4743-af35-9f493f2a0f82",
    "c2b23643-2047-4447-a1b4-6f4b752f3205",
    "12a2012b-2771-4960-aa9a-45cb4eecdabf"
  ],
  "island_generations": [],
  "program_count": 20,
  "program_ids": [
    "923f1503-d39d-4c68-acf1-59eab42f0eae",
    "a6a9c10a-919e-4938-846b-04464ad779c1",
    "5503e870-3f2a-42fc-a53d-1761e02de1e7",
    "7b54c75b-73e6-47cb-b8d9-ddbc432e4fe8",
    "e31ae32b-acf2-48ec-8c03-8c2f500c8013",
    "316e4b3b-6730-48b5-b26d-9aa927ed7233",
    "a261ba9d-c967-481e-b789-263ad0695af7",
    "b062485b-2229-48f4-95c3-66c9061f8428",
    "0e99d8b1-5e42-4ddb-b41b-cc59296cebc8",
    "a36a0708-4702-4fe6-bb3e-632c573b565d",
    "7f4eb3cc-1edd-44ef-8007-a4eee423cf43",
    "8648a57d-3eac-4683-9a59-d3785d913360",
    "9957414c-b0e9-4bdf-978e-5c11f88a383d",
    "7a90ae81-0388-4945-aeb7-1877532eef7e",
    "3b65fea5-d211-433c-8b14-b9233e4b2e36",
    "7e456108-b3ac-4b10-9572-8f415b801912",
    "cbf4f2d0-1fb8-41ff-9a0f-4d19609f62f1",
    "47ecec66-9ba5-4743-af35-9f493f2a0f82",
    "c2b23643-2047-4447-a1b4-6f4b752f3205",
    "12a2012b-2771-4960-aa9a-45cb4eecdabf"
  ]
}