{
  "checkpoint": 2,
  "iteration": 2,
  "best_program_id": "5503e870-3f2a-42fc-a53d-1761e02de1e7",
  "best_metrics": {
    "validity": 1.0,
    "sum_radii": 2.36915541225031,
    "target_ratio": 0.8991102133777268,
    "combined_score": 0.8991102133777268
  },
  "feature_map": {},
  "islands": [],
  "archive": [
    "923f1503-d39d-4c68-acf1-59eab42f0eae",
    "a6a9c10a-919e-4938-846b-04464ad779c1",
    "5503e870-3f2a-42fc-a53d-1761e02de1e7"
  ],
  "island_generations": [],
  "program_count": 3,
  "program_ids": [
    "923f1503-d39d-4c68-acf1-59eab42f0eae",
    "a6a9c10a-919e-4938-846b-04464ad779c1",
    "5503e870-3f2a-42fc-a53d-1761e02de1e7"
  ]
}