{
  "checkpoint": 5,
  "iteration": 5,
  "best_program_id": "316e4b3b-6730-48b5-b26d-9aa927ed7233",
  "best_metrics": {
    "validity": 1.0,
    "sum_radii": 2.6185779391484374,
    "target_ratio": 0.9937677188419118,
    "combined_score": 0.9937677188419118
  },
  "feature_map": {},
  "islands": [],
  "archive": [
    "923f1503-d39d-4c68-acf1-59eab42f0eae",
    "a6a9c10a-919e-4938-846b-04464ad779c1",
    "5503e870-3f2a-42fc-a53d-1761e02de1e7",
    "7b54c75b-73e6-47cb-b8d9-ddbc432e4fe8",
    "e31ae32b-acf2-48ec-8c03-8c2f500c8013",
    "316e4b3b-6730-48b5-b26d-9aa927ed7233"
  ],
  "island_generations": [],
  "program_count": 6,
  "program_ids": [
    "923f1503-d39d-4c68-acf1-59eab42f0eae",
    "a6a9c10a-919e-4938-846b-04464ad779c1",
    "5503e870-3f2a-42fc-a53d-1761e02de1e7",
    "7b54c75b-73e6-47cb-b8d9-ddbc432e4fe8",
    "e31ae32b-acf2-48ec-8c03-8c2f500c8013",
    "316e4b3b-6730-48b5-b26d-9aa927ed7233"
  ]
}