{
  "checkpoint": 10,
  "iteration": 10,
  "best_program_id": "316e4b3b-6730-48b5-b26d-9aa927ed7233",
  "best_metrics": {
    "validity": 1.0,
    "sum_radii": 2.6185779391484374,
    "target_ratio": 0.9937677188419118,
    "combined_score": 0.9937677188419118
  },
  "feature_map": {},
  "islands": [],
  "archive": [
    "923f1503-d39d-4c68-acf1-59eab42f0eae",
    "a6a9c10a-919e-4938-846b-04464ad779c1",
    "5503e870-3f2a-42fc-a53d-1761e02de1e7",
    "7b54c75b-73e6-47cb-b8d9-ddbc432e4fe8",
    "e31ae32b-acf2-48ec-8c03-8c2f500c8013",
    "316e4b3b-6730-48b5-b26d-9aa927ed7233",
    "a261ba9d-c967-481e-b789-263ad0695af7",
    "b062485b-2229-48f4-95c3-66c9061f8428",
    "0e99d8b1-5e42-4ddb-b41b-cc59296cebc8",
    "a36a0708-4702-4fe6-bb3e-632c573b565d",
    "7f4eb3cc-1edd-44ef-8007-a4eee423cf43"
  ],
  "island_generations": [],
  "program_count": 11,
  "program_ids": [
    "923f1503-d39d-4c68-acf1-59eab42f0eae",
    "a6a9c10a-919e-4938-846b-04464ad779c1",
    "5503e870-3f2a-42fc-a53d-1761e02de1e7",
    "7b54c75b-73e6-47cb-b8d9-ddbc432e4fe8",
    "e31ae32b-acf2-48ec-8c03-8c2f500c8013",
    "316e4b3b-6730-48b5-b26d-9aa927ed7233",
    "a261ba9d-c967-481e-b789-263ad0695af7",
    "b062485b-2229-48f4-95c3-66c9061f8428",
    "0e99d8b1-5e42-4ddb-b41b-cc59296cebc8",
    "a36a0708-4702-4fe6-bb3e-632c573b565d",
    "7f4eb3cc-1edd-44ef-8007-a4eee423cf43"
  ]
}